	Achieve	Affect	Anger	Anx	Article	Assent	Body	Cause	Certain	Cogmech	Comm	Death	Discrep	Down	Eating	Excl	Family	Feel	Fillers	Friends	Future	Groom	Hear	Home	Humans	I	Incl	Inhib	Insight	Job	Leisure	Metaph	Money	Motion	Music	Negate	Negemo	Nonfl	Number	Occup	Optim	Other	Othref	Past	Physcal	Posemo	Posfeel	Preps	Present	Pronoun	Relig	Sad	School	See	Self	Senses	Sexual	Sleep	Social	Space	Sports	Swear	TV	Tentat	Time	Up	We	You
0	0.0023728813559322033	0.04926553672316384	0.0021468926553672315	0.0014689265536723163	0.04745762711864407	0.001016949152542373	0.01401129943502825	0.0062146892655367235	0.015819209039548022	0.06169491525423729	0.00983050847457627	0.0005649717514124294	0.02655367231638418	0.0014689265536723163	0.0021468926553672315	0.02824858757062147	0.001694915254237288	0.00711864406779661	0.0	0.0021468926553672315	0.01423728813559322	0.00022598870056497175	0.011073446327683615	0.0014689265536723163	0.000903954802259887	0.11073446327683616	0.061468926553672316	0.00011299435028248587	0.025310734463276835	0.0013559322033898306	0.0039548022598870055	0.001016949152542373	0.001016949152542373	0.032994350282485874	0.0011299435028248588	0.01401129943502825	0.01807909604519774	0.00011299435028248587	0.002033898305084746	0.0039548022598870055	0.004632768361581921	0.008587570621468926	0.0592090395480226	0.025084745762711864	0.02666666666666667	0.030734463276836158	0.01774011299435028	0.09525423728813559	0.17581920903954804	0.18621468926553672	0.0004519774011299435	0.00847457627118644	0.00022598870056497175	0.01096045197740113	0.11502824858757062	0.029717514124293784	0.0062146892655367235	0.005084745762711864	0.09016949152542372	0.03401129943502825	0.0007909604519774011	0.0005649717514124294	0.0	0.007909604519774011	0.06836158192090395	0.006327683615819209	0.004067796610169492	0.04384180790960452
1	0.0012317109584950733	0.04083308450283667	0.0028366676619886533	0.0021648253209913407	0.04885786802030457	0.003359211704986563	0.009331143624962675	0.005262765004478949	0.016161540758435355	0.060951030158256196	0.012055837563451776	0.0007838160644968648	0.029486413854882054	0.0006345177664974619	0.002202149895491191	0.04258733950432965	0.0030232905344879067	0.004814870110480741	7.464914899970141e-05	0.0014183338309943267	0.013100925649447596	0.000373245744998507	0.011645267243953419	0.0025753956404896985	0.004031054045983876	0.0721484025082114	0.06722155867423112	0.0009331143624962676	0.020416542251418333	0.0008584652134965661	0.009741713944461033	0.0025753956404896985	0.0017169304269931322	0.026089877575395642	0.005785309047476859	0.013436846819946252	0.02011794565541953	0.00014929829799940282	0.005188115855479247	0.003135264257987459	0.002762018512988952	0.010488205434458046	0.06255598686174978	0.027918781725888325	0.017243953418931025	0.020453866825918186	0.008472678411466109	0.07808300985368767	0.15373992236488504	0.1489250522544043	0.0017915795759928337	0.00906987160346372	0.0010450880859958196	0.008547327560465811	0.07599283368169603	0.025940579277396236	0.0036951328754852193	0.003247237981487011	0.09110928635413557	0.023178560764407285	0.001007763511495969	0.00014929829799940282	0.00014929829799940282	0.014519259480441924	0.06113765303075545	0.008957897879964169	0.003396536279486414	0.04322185727082711
2	0.0029168459809687753	0.046717352842729404	0.0024864916559078085	0.002247405919762827	0.04222254100320375	0.0037297374838617127	0.012480275426768038	0.0029646631281977716	0.014345144168698896	0.06254482857552718	0.008846172237364319	0.001195428680724908	0.0324678429684885	0.00014345144168698896	0.0020083201836178454	0.03662793477741118	0.0017692344474728638	0.007076937789891455	0.0	0.00023908573614498158	0.01597092717448477	0.00033472003060297425	0.008224549323387367	0.002103954478075838	0.0032037488643427534	0.08387127623965954	0.055754793669009706	0.0008607086501219337	0.01869650456653756	0.0010997943862669152	0.010567589537608186	0.004925166164586621	0.003299383158800746	0.029790082723664707	0.0056902405202505614	0.012049921101707071	0.02347821928943719	0.00019126858891598529	0.0034428346004877347	0.004686080428441639	0.0036819203366327165	0.015540572849423803	0.064983503084206	0.018457418830392577	0.02156553340027734	0.022760962081002246	0.008798355090135322	0.07301678381867738	0.1611437861617176	0.16056998039496964	0.0037297374838617127	0.011141395304356143	0.0006694400612059485	0.010089418065318222	0.08755319657629226	0.025916893798116004	0.00454262898675465	0.003777554631090709	0.09333907139100081	0.021756801989193324	0.001673600153014871	0.00014345144168698896	0.00023908573614498158	0.014584229904843878	0.055754793669009706	0.009228709415196289	0.003299383158800746	0.04260507818103572
3	0.0019842582181361203	0.019710298300152126	0.0013228388120907467	6.614194060453734e-05	0.014485084992393676	0.0007937032872544481	0.0060189165950128975	0.001190554930881672	0.008730736159798929	0.018652027250479528	0.003571664792645016	0.0	0.009259871684635226	0.0013228388120907467	0.0011244129902771348	0.01838745948806138	0.0017196904557179708	0.0030425292678087175	0.0	0.0019842582181361203	0.004696077782922151	0.0	0.0026456776241814933	0.0015874065745088962	0.0031748131490177923	0.0357827898670547	0.027713473113301145	6.614194060453734e-05	0.004365368079899464	0.0008598452278589854	0.003505522852040479	0.00039685164362722404	0.000595277465440836	0.008995303922217078	0.0006614194060453733	0.007143329585290032	0.008069316753753554	0.00019842582181361202	0.0016535485151134334	0.003108671208413255	0.0015874065745088962	0.0006614194060453733	0.020768569349824725	0.012831536477280244	0.010847278259144123	0.011574839605794035	0.0070771876446854955	0.03750248032277267	0.06852305046630068	0.06230570804947417	0.00039685164362722404	0.005291355248362987	0.00026456776241814934	0.0042330841986903895	0.037039486738540905	0.010384284674912363	0.0025795356835769563	0.001388980752695284	0.03842846749123619	0.008333884516171704	0.0006614194060453733	6.614194060453734e-05	0.00019842582181361202	0.009987433031285138	0.030689860440505326	0.0015212646339043587	0.0011244129902771348	0.017263046497784245
4	0.00333889816360601	0.037562604340567615	0.001669449081803005	0.0025041736227045075	0.07429048414023372	0.0	0.007512520868113523	0.0008347245409015025	0.02337228714524207	0.09599332220367279	0.018363939899833055	0.0	0.03171953255425709	0.0	0.00333889816360601	0.045075125208681135	0.001669449081803005	0.005008347245409015	0.0	0.0	0.008347245409015025	0.0	0.017529215358931552	0.004173622704507512	0.00667779632721202	0.0676126878130217	0.05008347245409015	0.0008347245409015025	0.03672787979966611	0.0008347245409015025	0.008347245409015025	0.0008347245409015025	0.0	0.027545909849749584	0.0	0.01335559265442404	0.015025041736227046	0.0	0.00333889816360601	0.005008347245409015	0.001669449081803005	0.005843071786310518	0.07679465776293823	0.028380634390651086	0.015025041736227046	0.020868113522537562	0.007512520868113523	0.07762938230383973	0.19616026711185308	0.1636060100166945	0.0008347245409015025	0.009181969949916527	0.0008347245409015025	0.018363939899833055	0.06844741235392321	0.041736227045075125	0.0025041736227045075	0.00333889816360601	0.11769616026711185	0.01669449081803005	0.0	0.0	0.0	0.034223706176961605	0.0667779632721202	0.011686143572621035	0.0008347245409015025	0.05175292153589316
5	0.0019229346941794245	0.05643073737149619	0.002218770800976259	0.0007395902669920864	0.03128466829376526	0.0017750166407810074	0.008801124177205829	0.005916722135936691	0.02019081428888396	0.06219954145403447	0.014939723393240146	7.395902669920864e-05	0.029657569706382662	0.00022187708009762592	0.00029583610679683456	0.04289623548554101	0.004215664521854893	0.006212558242733526	0.0	0.001848975667480216	0.014865764366540937	7.395902669920864e-05	0.012646993565564677	0.001848975667480216	0.0029583610679683454	0.07736114192737223	0.05790991790548036	0.0003697951334960432	0.018119961541306115	0.00022187708009762592	0.005694845055839065	0.0009614673470897123	0.0017010576140817986	0.028326307225796907	0.0025146069077730936	0.014569928259744102	0.027956512092300864	0.0	0.0059906811626359	0.0025146069077730936	0.004141705495155684	0.006952148509725612	0.06833814067006878	0.03579616892241698	0.019377264995192663	0.02729088085200799	0.01523555950003698	0.08083721618223504	0.15072849641298722	0.15620146438872864	0.0008875083203905037	0.017010576140817985	0.0003697951334960432	0.00872716515050662	0.0813549293691295	0.02780859403890245	0.006434435322831151	0.004141705495155684	0.11766881147844094	0.0239627246505436	0.0011833444271873383	0.0	0.0	0.0239627246505436	0.08209451963612159	0.005768804082538274	0.0031802381480659715	0.05546927002440648
6	0.0	0.03393939393939394	0.0031515151515151517	0.001696969696969697	0.061575757575757575	0.013575757575757576	0.01309090909090909	0.005818181818181818	0.02084848484848485	0.044121212121212124	0.01406060606060606	0.0009696969696969697	0.019878787878787878	0.0009696969696969697	0.0038787878787878787	0.030303030303030304	0.005575757575757576	0.0038787878787878787	0.0	0.0026666666666666666	0.011393939393939394	0.0026666666666666666	0.012606060606060607	0.0019393939393939393	0.002909090909090909	0.05551515151515152	0.057212121212121214	0.0	0.014303030303030304	0.00048484848484848484	0.018424242424242423	0.0009696969696969697	0.001696969696969697	0.03878787878787879	0.007757575757575757	0.012363636363636363	0.013818181818181818	0.00024242424242424242	0.0024242424242424242	0.0007272727272727272	0.0014545454545454545	0.008	0.036848484848484846	0.022060606060606062	0.022303030303030304	0.02012121212121212	0.0048484848484848485	0.09309090909090909	0.14812121212121213	0.09915151515151516	0.0	0.007272727272727273	0.0	0.01309090909090909	0.05915151515151515	0.029575757575757575	0.0024242424242424242	0.0038787878787878787	0.06981818181818182	0.01696969696969697	0.00703030303030303	0.00048484848484848484	0.0	0.012121212121212121	0.0336969696969697	0.016242424242424242	0.0031515151515151517	0.019151515151515152
7	0.0009458500827618822	0.029971624497517144	0.002482856467249941	0.0028966658784582646	0.05734216126743911	0.004611019153464176	0.010227004019862852	0.0030148971388035	0.01602033577677938	0.0445731851501537	0.008217072593993851	0.0011823126034523528	0.023823598959564908	0.000827618822416647	0.0055568692362260586	0.036237881295814615	0.002187278316386853	0.004729250413809411	0.0004138094112083235	0.0012414282336249704	0.006798297469851029	0.0009458500827618822	0.01075904469141641	0.003133128399148735	0.0030740127689761173	0.04433672262946323	0.06863324663040908	0.000650271931898794	0.012473397966422321	0.002305509576732088	0.016375029557815085	0.003783400331047529	0.0017734689051785292	0.02855284937337432	0.00827618822416647	0.011409316623315204	0.013833057460392527	0.0004138094112083235	0.007389453771577205	0.004433672262946323	0.0011231969732797352	0.015074485694017498	0.0455781508630882	0.030444549538898084	0.019094348545755497	0.015961220146606763	0.00425632537242847	0.07897848191061717	0.1360841806573658	0.10185623078742019	0.002601087727595176	0.004138094112083235	0.001300543863797588	0.00727122251123197	0.04871127926223694	0.02329155828801135	0.0022463939465594703	0.0025419720974225587	0.06662331520454008	0.019449042326791205	0.0028375502482856467	0.0002955781508630882	0.0004138094112083235	0.011409316623315204	0.0546228422794987	0.01052258217072594	0.0027193189879404114	0.019449042326791205
8	0.0025558500567966678	0.03715448693676637	0.003502461188943582	0.002745172283226051	0.0797519878833775	0.0008519500189322226	0.009608102991291178	0.004117758424839076	0.010318061340401363	0.05594471790988262	0.009560772434683833	0.002035213934115865	0.020730783794017417	0.0006152972358954941	0.0030764861794774704	0.03445664521014767	0.0034078000757288905	0.003502461188943582	0.0002839833396440742	0.0006626277925028399	0.008188186293070807	0.0001893222264293828	0.011548655812192351	0.003313138962514199	0.004875047330556608	0.06914994320333206	0.06758803483528966	0.0002839833396440742	0.02522718667171526	0.0018458917076864824	0.014293828095418402	0.006862930708065127	0.003360469519121545	0.030480878455130634	0.008614161302536918	0.011785308595229079	0.02224536160545248	9.46611132146914e-05	0.003360469519121545	0.005537675123059447	0.0014672472548277167	0.020541461567588036	0.051732298371828855	0.026505111700113593	0.019310867095797046	0.01453048087845513	0.00473305566073457	0.08027262400605831	0.17640098447557742	0.136501325255585	0.004827716773949262	0.00979742521772056	0.001135933358576297	0.014388489208633094	0.0732203710715638	0.029581597879591064	0.0034078000757288905	0.003833775085195002	0.07733812949640288	0.023570617190458158	0.001751230594471791	0.0004259750094661113	0.0007572889057175312	0.01012873911397198	0.046241953805376754	0.009513441878076486	0.003786444528587656	0.021772056039379022
9	0.0006313131313131314	0.05113636363636364	0.0012626262626262627	0.001893939393939394	0.036616161616161616	0.004419191919191919	0.004419191919191919	0.010101010101010102	0.022095959595959596	0.054924242424242424	0.010101010101010102	0.0	0.01893939393939394	0.0	0.0006313131313131314	0.047979797979797977	0.005050505050505051	0.007575757575757576	0.0	0.006944444444444444	0.010732323232323232	0.0	0.011363636363636364	0.0025252525252525255	0.0012626262626262627	0.06881313131313131	0.05618686868686869	0.0	0.016414141414141416	0.001893939393939394	0.003787878787878788	0.0006313131313131314	0.0031565656565656565	0.02904040404040404	0.0	0.017676767676767676	0.020833333333333332	0.0006313131313131314	0.008838383838383838	0.004419191919191919	0.0006313131313131314	0.003787878787878788	0.041666666666666664	0.058712121212121215	0.00946969696969697	0.027146464646464648	0.013257575757575758	0.08270202020202021	0.13762626262626262	0.1268939393939394	0.0006313131313131314	0.011994949494949494	0.001893939393939394	0.007575757575757576	0.07512626262626262	0.026515151515151516	0.003787878787878788	0.0006313131313131314	0.08080808080808081	0.017676767676767676	0.0006313131313131314	0.0	0.0	0.01452020202020202	0.09027777777777778	0.006313131313131313	0.006313131313131313	0.025252525252525252
10	0.0011870520020088571	0.0364333652924257	0.0023741040040177143	0.0030589416974843627	0.05697849609642515	0.0008218052321599781	0.013331507099484089	0.003743779390951011	0.009633383554764188	0.053097749166780804	0.009542071862301969	0.0006848376934666484	0.02081906588138611	0.0012327078482399672	0.0022827923115554946	0.03707254713966123	0.005706980778888737	0.0036981235447199013	0.0	0.0014609870793955166	0.008218052321599782	0.00031959092361776926	0.010181253709537506	0.00424599369949322	0.004611240469342099	0.0701730356572159	0.06706843811350044	0.0009587727708533077	0.018079715107519517	0.0006391818472355385	0.010729123864310824	0.004976487239190979	0.0023284481577866044	0.027758754508514814	0.0028763183125599234	0.012235766789937451	0.01702963064420399	0.0005478701547733187	0.004611240469342099	0.0031045975437154726	0.003561156006026572	0.01734922156782176	0.05958087933159841	0.0336940145185591	0.023147514039172715	0.019038487878372826	0.006437474318586495	0.08546774414463772	0.13970688946719628	0.1411678765465918	0.00429164954572433	0.007487558781902022	0.0012327078482399672	0.009679039400995298	0.07327763320093138	0.02456284527233712	0.004109026160799891	0.005341734009039857	0.091813906770762	0.02474546865726156	0.002967630005022143	4.5655846231109894e-05	0.00031959092361776926	0.01237273432863078	0.06067661964114505	0.014518559101492946	0.002602383235173264	0.03378532621102132
11	0.0019170145693107267	0.042642924086223055	0.0016614126267359632	0.0016614126267359632	0.048308767146630315	0.0019170145693107267	0.013163500042600324	0.006049245974269405	0.01627332367725995	0.0587032461446707	0.008733066371304422	0.00025560194257476357	0.025134191019851752	0.0009372071227741331	0.0007668058277242907	0.03655107778819119	0.0003834029138621453	0.008988668313879185	0.00025560194257476357	0.0006816051801993695	0.008988668313879185	0.00012780097128738178	0.00937207122774133	0.0025986197495100963	0.001789213598023345	0.07582857629717986	0.059044048734770385	0.00029820226633722415	0.01738093209508392	0.0005538042089119877	0.0051972394990201926	0.0017040129504984239	0.0016188123029735027	0.029820226633722417	0.0013206100366362785	0.00996847576041578	0.016699326914884554	0.0006390048564369089	0.0028968220158473203	0.0026838203970350177	0.004217432052483599	0.006603050183181392	0.06816051801993696	0.019723949902019255	0.02147056317628014	0.025645394905001277	0.013333901337650167	0.07940700349322655	0.1503791428814859	0.15659879015080513	0.0014484110079236601	0.008903467666354265	0.00025560194257476357	0.01065008094061515	0.07885319928431456	0.029181221777285507	0.0047712362613955865	0.0036210275198091503	0.09014228508136662	0.030288830195109483	0.0011502087415864361	4.260032376246059e-05	0.00025560194257476357	0.014398909431711682	0.0615148675129931	0.007668058277242907	0.0028968220158473203	0.05414501150208741
12	0.002065921682787116	0.044699032773030334	0.004601371020753122	0.001314677434500892	0.04939430932481923	0.0028171659310733403	0.008075875669076908	0.005446520800075124	0.020847027889942717	0.05700065733871725	0.011644285848436473	0.0009390553103577801	0.025636209972767394	0.000751244248286224	0.0046952765517889	0.03577800732463142	0.003662315710395342	0.0046952765517889	0.0	0.004037937834538454	0.011456474786364917	0.000375622124143112	0.0071368203587191285	0.004037937834538454	0.004131843365574232	0.07503051929758663	0.05587379096628792	0.000751244248286224	0.019062822800262936	0.0021598272138228943	0.009860080758756691	0.0021598272138228943	0.0035684101793595643	0.02742041506244718	0.002065921682787116	0.01746642877265471	0.024791060193445395	9.3905531035778e-05	0.004976993144896235	0.004883087613860457	0.0021598272138228943	0.015870034745046484	0.05268100291107146	0.03634144051084609	0.01699690111747582	0.019156728331298712	0.008169781200112686	0.0828246783735562	0.16208094656775285	0.14198516292609634	0.0012207719034651142	0.011832096910508029	0.000657338717250446	0.007042914827683351	0.07531223589069397	0.02065921682787116	0.0025354493379660063	0.003662315710395342	0.08038313456662598	0.02779603718659029	0.002253732744858672	9.3905531035778e-05	0.00046952765517889006	0.018029861958869377	0.04958212038689079	0.010517419476007137	0.000281716593107334	0.02882899802798385
13	0.0	0.03224276908487435	0.013750592697961118	0.0	0.028923660502607872	0.00474158368895211	0.007586533902323376	0.002370791844476055	0.01469890943575154	0.028923660502607872	0.00995732574679943	0.0	0.012802275960170697	0.0	0.001422475106685633	0.028923660502607872	0.00995732574679943	0.004267425320056899	0.001422475106685633	0.0	0.007112375533428165	0.0	0.010431484115694643	0.002844950213371266	0.000474158368895211	0.05547652916073969	0.06164058795637743	0.000474158368895211	0.008060692271218587	0.0	0.012802275960170697	0.0	0.002370791844476055	0.026552868658131817	0.0	0.006164058795637743	0.017543859649122806	0.0	0.00948316737790422	0.001896633475580844	0.0	0.006638217164532954	0.026552868658131817	0.016595542911332386	0.010431484115694643	0.01469890943575154	0.0	0.09151256519677572	0.14841156946420103	0.09009009009009009	0.0	0.001422475106685633	0.001896633475580844	0.010431484115694643	0.056424845898530106	0.025604551920341393	0.0	0.002370791844476055	0.04836415362731152	0.04220009483167378	0.00995732574679943	0.001896633475580844	0.0	0.01469890943575154	0.044096728307254626	0.013276434329065908	0.000948316737790422	0.013750592697961118
14	0.0	0.08667736757624397	0.0	0.012841091492776886	0.02247191011235955	0.0016051364365971107	0.024077046548956663	0.0	0.004815409309791332	0.06581059390048154	0.016051364365971106	0.0032102728731942215	0.030497592295345103	0.0032102728731942215	0.0032102728731942215	0.04333868378812199	0.0	0.004815409309791332	0.0	0.0	0.004815409309791332	0.0	0.011235955056179775	0.0016051364365971107	0.025682182985553772	0.08667736757624397	0.02247191011235955	0.0016051364365971107	0.027287319422150885	0.0	0.009630818619582664	0.0032102728731942215	0.0	0.012841091492776886	0.0	0.0016051364365971107	0.03531300160513644	0.0	0.0016051364365971107	0.0	0.014446227929373997	0.009630818619582664	0.12038523274478331	0.060995184590690206	0.028892455858747994	0.051364365971107544	0.025682182985553772	0.04654895666131621	0.1492776886035313	0.21348314606741572	0.0	0.0016051364365971107	0.0	0.004815409309791332	0.08667736757624397	0.02247191011235955	0.0016051364365971107	0.0	0.1653290529695024	0.004815409309791332	0.0016051364365971107	0.0	0.0	0.038523274478330656	0.08346709470304976	0.006420545746388443	0.0	0.11075441412520064
15	0.0017357762777242044	0.04628736740597879	0.005207328833172613	0.002700096432015429	0.07463837994214079	0.0028929604628736743	0.008678881388621022	0.005978784956605593	0.009257473481195757	0.06210221793635487	0.013307618129218901	0.010221793635486982	0.02854387656702025	0.0	0.0019286403085824494	0.03664416586306654	0.013500482160077145	0.004050144648023143	0.0	0.0013500482160077145	0.008293153326904532	0.0	0.013500482160077145	0.0013500482160077145	0.009257473481195757	0.05130183220829315	0.0553519768563163	0.0021215043394406945	0.020443587270973965	0.0015429122468659595	0.005593056894889103	0.014271938283510125	0.002700096432015429	0.021022179363548697	0.0015429122468659595	0.010221793635486982	0.02622950819672131	0.0	0.004628736740597879	0.003857280617164899	0.004243008678881389	0.010607521697203472	0.0476374156219865	0.05188042430086789	0.013307618129218901	0.020057859209257473	0.007135969141755062	0.0879459980713597	0.15101253616200577	0.10684667309546769	0.004050144648023143	0.007135969141755062	0.0005785920925747348	0.007907425265188043	0.05843780135004822	0.026036644165863067	0.0015429122468659595	0.0023143683702989393	0.08891031822565092	0.016200578592092573	0.0023143683702989393	0.0011571841851494697	0.0003857280617164899	0.008293153326904532	0.05033751205400193	0.010028929604628737	0.006557377049180328	0.024108003857280617
16	0.004433100483610962	0.06824288017195057	0.0022837184309511017	0.0009403546480386889	0.04406233207952714	0.002955400322407308	0.008597528210639442	0.004433100483610962	0.01934443847393874	0.05548092423428264	0.012090274046211715	0.0	0.029285330467490597	0.0	0.0017463729177861365	0.04674905964535196	0.0022837184309511017	0.007254164427727029	0.0	0.001477700161203654	0.013030628694250403	0.0	0.013433637829124127	0.0018807092960773778	0.0037614185921547557	0.07240730789897905	0.06045137023105857	0.00013433637829124128	0.018269747447608814	0.0004030091348737238	0.012224610424502956	0.006985491671144546	0.003492745835572273	0.026061257388500805	0.007119828049435787	0.013164965072541644	0.026732939279957013	0.0	0.00523911875335841	0.00523911875335841	0.0024180548092423426	0.008597528210639442	0.06851155292853305	0.03936055883933369	0.02001612036539495	0.0400322407307899	0.022568511552928532	0.07684040838259	0.1516657710908114	0.15341214400859754	0.006985491671144546	0.017598065556152606	0.0004030091348737238	0.007791509940891994	0.07898979043524987	0.02861364857603439	0.007925846319183236	0.002015045674368619	0.10787211176786674	0.022568511552928532	0.002552391187533584	0.0	0.0	0.013433637829124127	0.07630306286942504	0.00523911875335841	0.005642127888232133	0.04795808704997313
17	0.0	0.024903154399557276	0.00387382401770891	0.0005534034311012728	0.054233536247924735	0.002213613724405091	0.016602102933038185	0.007194244604316547	0.00774764803541782	0.04316546762589928	0.00996126175982291	0.0	0.021029330381848368	0.0011068068622025456	0.00387382401770891	0.0387382401770891	0.0005534034311012728	0.014388489208633094	0.0	0.0011068068622025456	0.008854454897620365	0.0	0.010514665190924184	0.002213613724405091	0.0016602102933038186	0.07692307692307693	0.0813503043718871	0.0	0.012174875484228001	0.002767017155506364	0.00774764803541782	0.0005534034311012728	0.004427227448810182	0.027116768123962368	0.0	0.011068068622025456	0.018262313226342003	0.0	0.005534034311012728	0.002767017155506364	0.0016602102933038186	0.006087437742114001	0.022689540675152185	0.027116768123962368	0.021029330381848368	0.006640841173215274	0.0005534034311012728	0.09518539014941893	0.11732152739346983	0.10846707249584947	0.0005534034311012728	0.0016602102933038186	0.0	0.0016602102933038186	0.07802988378527947	0.03099059214167128	0.0005534034311012728	0.0	0.03763143331488655	0.02213613724405091	0.0005534034311012728	0.0	0.0005534034311012728	0.012174875484228001	0.024349750968456003	0.010514665190924184	0.0011068068622025456	0.008854454897620365
18	0.0006739193222297102	0.03850967555598344	0.0027919514778087995	0.001588524116684317	0.07942620583421585	0.0005776451333397516	0.01107153172234524	0.0031289111389236545	0.010638297872340425	0.0595455858284394	0.005824588427842495	0.0012515644555694619	0.028978530855877538	0.0008183306055646482	0.003514007894483489	0.03643978049484933	0.003706556272263406	0.005776451333397516	0.0	0.0011552902666795031	0.01039761240011553	0.0003850967555598344	0.007028015788966978	0.001444112833349379	0.003369596611148551	0.05049581207278329	0.074419948011938	0.0009146047944546068	0.01848464426687205	0.0008664677000096274	0.008857225377876192	0.0036102820833734477	0.0012515644555694619	0.037209974005969	0.006546644844517185	0.014104168672378936	0.018436507172427074	0.0001925483777799172	0.004958120727832868	0.0016847983055742755	0.0015403870222393376	0.00967555598344084	0.047126215461634736	0.01723307981130259	0.01665543467796284	0.0193029748724367	0.005632040050062578	0.08529893135650332	0.16660248387407336	0.11755078463463946	0.0023587176278039856	0.00832771733898142	0.0001444112833349379	0.00972369307788582	0.052661981322807354	0.02406854722248965	0.0015403870222393376	0.0014922499277943582	0.06666987580629634	0.022335611822470396	0.0005295080388947723	0.0002888225666698758	0.0002888225666698758	0.014104168672378936	0.061904303456243384	0.00832771733898142	0.0015403870222393376	0.03143352267257148
19	0.001460341302624442	0.04744023031668544	0.0022530980097634247	0.0013351691909709183	0.05816330788167063	0.001961029749238536	0.00663412191763675	0.004673092168398214	0.014436516877373054	0.06659156339967455	0.013810656319105436	0.0014186172654066008	0.032210956732173404	0.0009596528560103475	0.001919305712020695	0.046063337088496685	0.004714816205616056	0.002962406642466725	0.0003755163349605708	0.0017941336003671716	0.010889973713856553	0.000208620186089206	0.0132682438352735	0.0032544749029916136	0.001919305712020695	0.07343430550340051	0.0613760587474444	0.000834480744356824	0.021404431092752536	0.0007093086327033004	0.01289272750031293	0.004047231610130596	0.0015437893770601243	0.02816372512204281	0.0067175699920724325	0.011223766011599282	0.020736846497267074	0.000834480744356824	0.0073017065131222095	0.0032127508657737724	0.003171026828555931	0.012642383277005884	0.05378228397379731	0.03851128635206743	0.013727208244669754	0.026411315558893478	0.011265490048817123	0.06775983644177411	0.1530437685150415	0.14403137647598782	0.0026286143447239955	0.00938790837401427	0.00104310093044603	0.009513080485667793	0.07572912755038178	0.02620269537280427	0.0024199941586347893	0.0036299912379521844	0.08348979847290024	0.02336546084199107	0.0016272374514958068	0.0002920682605248884	0.0005841365210497767	0.018191680226978764	0.06375432886886136	0.007885843034171986	0.0021279258981099012	0.03463095089080819
20	0.0007873746191503201	0.028071616856663584	0.0011297114100852418	0.0007189072609633358	0.0415596864194995	0.009859299578925748	0.006230529595015576	0.005682790729519702	0.017356475300400534	0.04652356988805587	0.01098901098901099	0.0003423367909349218	0.01965013179966451	0.0008900756564307966	0.002499058573824929	0.03615076512272774	0.004929649789462874	0.003081031118414296	0.0005477388654958748	0.003286433192975249	0.006230529595015576	0.00020540207456095307	0.012700694943685599	0.004655780356714936	0.003902639416658108	0.04967306836465715	0.05586936428057923	0.0007873746191503201	0.015131286159323543	0.0007189072609633358	0.012358358152750677	0.0007873746191503201	0.0026359932901988976	0.02437437951456643	0.0050323508267433505	0.008661120810653521	0.010270103728047653	0.0004450378282153983	0.006744034781417959	0.0020197870665160387	0.0007531409400568279	0.008866522885214475	0.04036150765122728	0.020403272739721336	0.00958543014617781	0.016945671151278627	0.004484611961247475	0.07230153024545548	0.1444318920954435	0.10249563520591558	0.0004450378282153983	0.003936873095751601	0.0004450378282153983	0.008524186094279552	0.05378110985587621	0.024785183663688336	0.0006162062236828592	0.0011297114100852418	0.06922049912704119	0.021601451507993565	0.002156721782890007	3.4233679093492176e-05	0.0003081031118414296	0.011639450891787341	0.04395604395604396	0.008866522885214475	0.0033891342302557258	0.023655472253603094
21	0.005834305717619603	0.058343057176196034	0.002333722287047841	0.0	0.050175029171528586	0.008168028004667444	0.012835472578763127	0.002333722287047841	0.014002333722287048	0.044340723453908985	0.009334889148191364	0.0011668611435239206	0.021003500583430573	0.0	0.005834305717619603	0.05484247374562427	0.003500583430571762	0.009334889148191364	0.0	0.0011668611435239206	0.009334889148191364	0.0	0.008168028004667444	0.0	0.010501750291715286	0.10618436406067679	0.05367561260210035	0.0011668611435239206	0.015169194865810968	0.0011668611435239206	0.009334889148191364	0.022170361726954493	0.002333722287047841	0.021003500583430573	0.0	0.004667444574095682	0.01750291715285881	0.0	0.007001166861143524	0.008168028004667444	0.0	0.010501750291715286	0.043173862310385065	0.044340723453908985	0.029171528588098017	0.040840140023337225	0.005834305717619603	0.07934655775962661	0.13302217036172695	0.1633605600933489	0.021003500583430573	0.009334889148191364	0.0011668611435239206	0.01633605600933489	0.10618436406067679	0.03500583430571762	0.008168028004667444	0.002333722287047841	0.07934655775962661	0.012835472578763127	0.007001166861143524	0.0	0.0	0.007001166861143524	0.03267211201866978	0.014002333722287048	0.0	0.026837806301050177
22	0.0012408132098883269	0.04781903216569629	0.004486016989596259	0.0009544716999140975	0.04438293404600554	0.0005726830199484585	0.013458050968788776	0.005535935859501765	0.017085043428462347	0.06681301899398683	0.014030733988737235	0.0009544716999140975	0.029206834017371387	0.000763577359931278	0.0041996754796220295	0.043810251026057075	0.004581464159587668	0.003436098119690751	0.0	0.0027679679297508827	0.014317075498711463	0.00028634150997422926	0.011358213228977761	0.0041042283096306195	0.003626992459673571	0.07005822277369476	0.057936432184785724	0.001908943399828195	0.02262097928796411	0.001527154719862556	0.008494798129235467	0.0037224396296649804	0.005345041519518946	0.025388947217714994	0.0010499188699055074	0.020998377398110148	0.020902930228118736	0.0	0.008685692469218288	0.003436098119690751	0.0024816264197766538	0.013076262288823137	0.06099074162451083	0.03417008685692469	0.025961630237663454	0.02691610193757755	0.008113009449269829	0.08676147752219146	0.16884604371480386	0.14708408895676242	0.0027679679297508827	0.008017562279278419	0.0006681301899398683	0.012980815118831727	0.0713944831535745	0.029493175527345615	0.004295122649613439	0.006299513219433043	0.09411090961153001	0.01918488116827336	0.0028634150997422928	0.0	0.0006681301899398683	0.020616588718144507	0.05784098501479431	0.010785530209029302	0.0013362603798797365	0.039133339696477996
23	0.0034349506225848005	0.045298411335337053	0.00178903678259625	0.00178903678259625	0.042650636897094606	0.0020037211965078	0.0127379418920853	0.005796479175611851	0.015528839272935451	0.06290253327608415	0.013954486904250751	0.0005724917704308	0.030055817947617004	0.0007156147130385	0.0007156147130385	0.042006583655359954	0.00293402032345785	0.009947044511235152	0.0	0.0005724917704308	0.010734220695577501	0.0	0.013167310719908402	0.0009302991269500501	0.0020037211965078	0.08723343351939315	0.0635465865178188	0.0015027908973808501	0.018963789895520253	0.00035780735651925	0.0055817947617003	0.0015027908973808501	0.0011449835408616	0.026620867325032202	0.0025046514956347504	0.011235150994704452	0.0191784743094318	0.0002862458852154	0.00493774151996565	0.0044368112208387	0.004866180048661801	0.0038643194504079004	0.06197223414913411	0.023329039645055102	0.022398740518105052	0.0236152855302705	0.00894518391298125	0.09059682267067411	0.1641620151710319	0.16516387576928582	0.0009302991269500501	0.00894518391298125	0.0005724917704308	0.00851581508515815	0.09102619149849721	0.0320595391441248	0.00508086446257335	0.004222126806927151	0.09846858451409761	0.0254758837841706	0.0019321597252039502	0.0	0.0001431229426077	0.013310433662516101	0.0714183483612423	0.007442393015600401	0.0027193359095463	0.051381136396164304
24	0.0012836970474967907	0.028455284552845527	0.0014976465554129225	0.0019255455712451862	0.04728284124946513	0.0027813436029097134	0.004920838682071031	0.004492939666238768	0.009413778348309799	0.049850235344458704	0.00599058622165169	0.0008557980316645272	0.030166880616174584	0.0	0.0014976465554129225	0.04278990158322636	0.0027813436029097134	0.0014976465554129225	0.0	0.001069747539580659	0.010269576379974325	0.0002139495079161318	0.005562687205819427	0.011125374411638854	0.0034231921266581087	0.0733846812152332	0.06482670089858793	0.0008557980316645272	0.012623020967051776	0.00834403080872914	0.014120667522464698	0.001069747539580659	0.0038510911424903724	0.04150620453572957	0.0008557980316645272	0.009413778348309799	0.01433461703038083	0.0	0.01069747539580659	0.009627727856225931	0.0034231921266581087	0.013692768506632435	0.03187847667950364	0.03380402225074882	0.011125374411638854	0.013906718014548566	0.0040650406504065045	0.11082584510055626	0.11617458279845956	0.11596063329054343	0.0002139495079161318	0.006204535729567822	0.0	0.01069747539580659	0.07595207531022678	0.01775780915703894	0.0038510911424903724	0.0017115960633290544	0.05305947796320069	0.020753102267864785	0.0008557980316645272	0.0006418485237483953	0.0	0.012836970474967908	0.06675224646983312	0.01069747539580659	0.0025673940949935813	0.014120667522464698
25	0.0008625150940141452	0.03588062791098844	0.007935138864930136	0.0018975332068311196	0.047610833189580815	0.00362256339485941	0.013455235466620665	0.00362256339485941	0.01966534414352251	0.04450577885112989	0.005865102639296188	0.0022425392444367777	0.024495428670001724	0.0010350181128169743	0.006037605658099017	0.040710712437467655	0.0010350181128169743	0.002415042263239607	0.00017250301880282904	0.0053475935828877	0.008625150940141452	0.0012075211316198034	0.006037605658099017	0.003105054338450923	0.006037605658099017	0.06348111091944109	0.08055890978092117	0.003277557357253752	0.010005175090564086	0.0005175090564084871	0.006555114714507504	0.003277557357253752	0.0025875452820424355	0.023805416594790407	0.0013800241504226323	0.01811281697429705	0.02173538036915646	0.0	0.005175090564084871	0.0020700362256339485	0.0008625150940141452	0.016042780748663103	0.05744350526134207	0.026392961876832845	0.021562877350353633	0.013455235466620665	0.00362256339485941	0.10298430222528894	0.1468000690012075	0.12851474900810764	0.0010350181128169743	0.006900120752113162	0.0005175090564084871	0.010350181128169742	0.06572365016387786	0.01983784716232534	0.0015525271692254615	0.00362256339485941	0.07866137657409004	0.01983784716232534	0.0018975332068311196	0.0010350181128169743	0.00017250301880282904	0.011730205278592375	0.050025875452820424	0.012075211316198034	0.0022425392444367777	0.03467310677936864
26	0.002774406103693428	0.035980579157274144	0.0014739032425871337	0.0015606034333275533	0.02583665684064505	0.003034506675914687	0.006936015259233571	0.0017340038148083927	0.010317322698109936	0.031732269810993585	0.004248309346280562	8.670019074041963e-05	0.017079937575862666	0.0002601005722212589	0.002774406103693428	0.028871163516559738	0.00043350095370209816	0.00684931506849315	0.0	0.0005202011444425178	0.0071094156407144095	0.0003468007629616785	0.0041616091555401425	0.001127102479625455	0.0017340038148083927	0.06606554534419976	0.04265649384428646	0.0008670019074041963	0.009797121553667418	0.00043350095370209816	0.008583318883301543	0.0018207040055488123	0.0003468007629616785	0.016993237385122248	0.004595110109242241	0.006936015259233571	0.014652332235130917	0.0	0.0026877059129530086	0.0034680076296167853	0.0024276053407317495	0.0007803017166637767	0.030258366568406452	0.008583318883301543	0.020201144442517773	0.020461245014739032	0.009710421362926998	0.07447546384602047	0.11140974510143922	0.10352002774406104	0.0017340038148083927	0.006329113924050633	8.670019074041963e-05	0.006329113924050633	0.06823305011271025	0.017773539101786025	0.007282816022195249	0.0038148083925784635	0.04976590948500087	0.01603953528697763	0.0008670019074041963	0.0	8.670019074041963e-05	0.008236518120339865	0.05115311253684758	0.006675914687012311	0.0017340038148083927	0.025489856077683372
27	0.0	0.04975124378109453	0.0	0.0	0.07462686567164178	0.004975124378109453	0.009950248756218905	0.004975124378109453	0.009950248756218905	0.03482587064676617	0.0	0.0	0.014925373134328358	0.0	0.01990049751243781	0.03980099502487562	0.009950248756218905	0.0	0.0	0.0	0.004975124378109453	0.0	0.0	0.0	0.0	0.01990049751243781	0.06965174129353234	0.0	0.014925373134328358	0.004975124378109453	0.009950248756218905	0.0	0.0	0.01990049751243781	0.004975124378109453	0.0	0.004975124378109453	0.0	0.004975124378109453	0.009950248756218905	0.004975124378109453	0.0	0.024875621890547265	0.004975124378109453	0.03482587064676617	0.04477611940298507	0.0	0.06467661691542288	0.10945273631840796	0.05472636815920398	0.0	0.004975124378109453	0.004975124378109453	0.004975124378109453	0.04477611940298507	0.004975124378109453	0.0	0.004975124378109453	0.03980099502487562	0.004975124378109453	0.0	0.0	0.0	0.0	0.04975124378109453	0.014925373134328358	0.01990049751243781	0.0
28	0.0008181074447777475	0.04340514498681938	0.001999818198345605	0.0007726570311789837	0.036178529224615945	0.006135805835833106	0.007453867830197255	0.005272247977456595	0.018089264612307972	0.059721843468775564	0.016043996000363603	0.00040905372238887375	0.030497227524770475	4.545041359876375e-05	0.003136078538314699	0.04090537223888737	0.0036814835014998635	0.005135896736660304	0.000181801654395055	0.002863376056722116	0.010589946368511953	0.00022725206799381874	0.013816925734024179	0.00327242977911099	0.003408781019907281	0.08971911644395963	0.04685937642032542	0.000181801654395055	0.01927097536587583	0.0004545041359876375	0.006363057903826925	0.0014998636487592036	0.0038632851558949187	0.023952367966548496	0.000909008271975275	0.01490773566039451	0.0191800745386783	0.0	0.003136078538314699	0.0016816653031542588	0.0025452231615307698	0.0060903554222343425	0.06376693027906553	0.03445141350786292	0.014953186073993274	0.023679665484955915	0.009499136442141624	0.07085719480047269	0.16062176165803108	0.16566675756749386	0.00109080992637033	0.010862648850104536	0.00040905372238887375	0.00909008271975275	0.09149168257431142	0.02836105808562858	0.00218161985274066	0.002727024815925825	0.10399054631397146	0.025588582856103992	0.00072720661758022	9.09008271975275e-05	4.545041359876375e-05	0.015089537314789564	0.06613035178620126	0.007408417416598491	0.001636214889555495	0.05067721116262158
29	0.0020055764809470233	0.03531771266448173	0.00225015897862349	0.0015653279851293841	0.061879371912145965	0.0004402484958176393	0.01575111285036443	0.005136232451205792	0.01501736535733503	0.06339578339774006	0.009245218412170426	0.0007337474930293989	0.03018148021327594	0.0020055764809470233	0.0031795724697940616	0.043388935087805114	0.0023969084772293694	0.00420681896003522	0.0	0.0005380814948882258	0.0079733894242528	0.0002934989972117595	0.009049552414029252	0.002347991977694076	0.0010272464902411583	0.06726018686102822	0.07361933180061635	0.0015164114855940908	0.01863718632294673	0.0005380814948882258	0.007337474930293988	0.004695983955388152	0.0015653279851293841	0.032627305190040604	0.0034241549674705277	0.015408697353617376	0.015457613853152669	0.00014674949860587976	0.004940566453064618	0.002739323973976422	0.00450031795724698	0.011837792887540968	0.045785843565034484	0.019811182311793768	0.024898498263464266	0.019762265812258473	0.005625397446558724	0.08374504720442205	0.17022941838282052	0.13148755075086827	0.003962236462358754	0.0054297314484175515	0.00019566599814117302	0.007777723426111627	0.07117350682385168	0.022012424790881963	0.002739323973976422	0.004157902460499927	0.06300445140145772	0.029692315217923006	0.0008315804920999853	9.783299907058651e-05	4.8916499535293254e-05	0.014821699359193856	0.06222178740889302	0.011006212395440982	0.0035709044660764077	0.026219243750917186
30	0.002709427702515897	0.030854299142936133	0.0019905999447055573	0.0026541332596074093	0.06215095382914017	0.0007188277578103401	0.010229471938070224	0.004147083218136578	0.011667127453690904	0.06093447608515344	0.00984241083771081	0.0002211777716339508	0.028421343654962676	0.0004423555432679016	0.0014929499585291679	0.03118606580038706	0.0009952999723527786	0.006027094277025159	0.00016588332872546308	0.0006082388719933647	0.013104782969311585	0.00033176665745092616	0.009952999723527785	0.0022670721592479956	0.0021564832734310203	0.08095106441802599	0.0642521426596627	0.0007741222007188278	0.019076582803428256	0.0013823610727121925	0.006967099806469449	0.0030411943599668234	0.0028200165883328727	0.02980370472767487	0.0021011888305225326	0.013270666298037047	0.013160077412220072	0.0	0.0028753110312413604	0.004644733204312967	0.003428255460326237	0.01631186065800387	0.054354437379043406	0.027204865910975946	0.017251866187448162	0.01680951064418026	0.0049764998617638926	0.08930052529720763	0.1622338954935029	0.15355266795687034	0.0028200165883328727	0.00503179430467238	0.0006082388719933647	0.011390655239148466	0.08233342549073817	0.027702515897152336	0.003538844346143213	0.0025988388166989216	0.07647221454243848	0.023057782692839368	0.0019353055017970694	5.52944429084877e-05	0.0002211777716339508	0.011888305225324854	0.04788498755875035	0.014155377384572851	0.001105888858169754	0.031075476914570084
31	0.014018691588785047	0.056074766355140186	0.001557632398753894	0.004672897196261682	0.020249221183800622	0.0	0.017133956386292833	0.009345794392523364	0.009345794392523364	0.07009345794392523	0.009345794392523364	0.0	0.045171339563862926	0.003115264797507788	0.001557632398753894	0.04361370716510903	0.003115264797507788	0.001557632398753894	0.0	0.0	0.03271028037383177	0.0	0.006230529595015576	0.0	0.012461059190031152	0.0514018691588785	0.06853582554517133	0.0	0.00778816199376947	0.001557632398753894	0.004672897196261682	0.0	0.0	0.021806853582554516	0.0	0.037383177570093455	0.020249221183800622	0.001557632398753894	0.006230529595015576	0.01557632398753894	0.00778816199376947	0.0	0.08722741433021806	0.006230529595015576	0.020249221183800622	0.03582554517133956	0.018691588785046728	0.08099688473520249	0.11838006230529595	0.1806853582554517	0.0	0.010903426791277258	0.0	0.001557632398753894	0.0514018691588785	0.009345794392523364	0.004672897196261682	0.001557632398753894	0.13239875389408098	0.017133956386292833	0.004672897196261682	0.0	0.0	0.018691588785046728	0.040498442367601244	0.014018691588785047	0.0	0.08255451713395638
32	0.003745318352059925	0.02247191011235955	0.0	0.0	0.056179775280898875	0.0	0.0	0.0	0.011235955056179775	0.0299625468164794	0.003745318352059925	0.0	0.026217228464419477	0.0	0.011235955056179775	0.0898876404494382	0.00749063670411985	0.0	0.0	0.003745318352059925	0.0	0.0	0.003745318352059925	0.003745318352059925	0.026217228464419477	0.0	0.056179775280898875	0.0	0.003745318352059925	0.00749063670411985	0.018726591760299626	0.0	0.056179775280898875	0.003745318352059925	0.0	0.018726591760299626	0.011235955056179775	0.0	0.026217228464419477	0.011235955056179775	0.003745318352059925	0.02247191011235955	0.0599250936329588	0.0	0.011235955056179775	0.011235955056179775	0.003745318352059925	0.09737827715355805	0.1348314606741573	0.06741573033707865	0.0	0.003745318352059925	0.0	0.0	0.0	0.003745318352059925	0.0	0.0	0.10112359550561797	0.0149812734082397	0.003745318352059925	0.0	0.0	0.003745318352059925	0.033707865168539325	0.026217228464419477	0.0	0.033707865168539325
33	0.0017926769148030295	0.043158696723882936	0.0017030430690628783	0.0012996907632321965	0.06027876126025187	0.0009859723031416664	0.012817639940841662	0.004571326132747726	0.01483440146999507	0.06332631201541702	0.010263075337247345	0.0004481692287007574	0.031551113700533324	0.00017926769148030297	0.00210639537489356	0.04033523058306817	0.001882310760543181	0.004929861515708332	0.0	0.0016134092233227267	0.01452068300990454	0.0001344507686102272	0.010397526105857572	0.002957916909424999	0.0016582261461928025	0.07403755658136513	0.07036256890601891	0.0007618876887912876	0.019898713754313627	0.0008515215345314391	0.014341415318424236	0.0019271276834132568	0.0023304799892439384	0.028996549096939005	0.005915833818849998	0.013624344552503026	0.015013669161475373	0.0	0.005198763052928786	0.0030475507551651505	0.003092367678035226	0.009904539954286739	0.05808273203961816	0.022766996817998476	0.022677362972258325	0.02778649217944696	0.012369470712140904	0.08282167346389997	0.16358176847577646	0.14498274548469503	0.0015237753775825752	0.00820149688522386	0.0004033523058306817	0.009546004571326133	0.081656433469278	0.025500829113073095	0.004616143055617802	0.003764621521086362	0.08721373190516739	0.02599381526464393	0.0016582261461928025	4.481692287007574e-05	0.00017926769148030297	0.012862456863711737	0.0679872719939049	0.007215524582082194	0.006498453816160982	0.03836328597678483
34	0.0	0.025423728813559324	0.00847457627118644	0.0	0.0423728813559322	0.0	0.059322033898305086	0.0	0.0	0.0	0.0	0.0	0.0	0.0	0.00847457627118644	0.00847457627118644	0.0	0.00847457627118644	0.0	0.0	0.0	0.00847457627118644	0.0	0.0	0.00847457627118644	0.0	0.059322033898305086	0.0	0.0	0.0	0.03389830508474576	0.0	0.0	0.01694915254237288	0.0	0.0	0.00847457627118644	0.0	0.0	0.0	0.0	0.025423728813559324	0.06779661016949153	0.025423728813559324	0.09322033898305085	0.01694915254237288	0.0	0.11016949152542373	0.0423728813559322	0.06779661016949153	0.0	0.0	0.0	0.0	0.0	0.00847457627118644	0.05084745762711865	0.0	0.07627118644067797	0.0	0.0	0.00847457627118644	0.0	0.0	0.00847457627118644	0.025423728813559324	0.0	0.0423728813559322
35	0.0013320354526358933	0.057892310056867666	0.0024079102413033454	0.001024642655873764	0.041241866898919004	0.0017418925149853988	0.008658230442133307	0.00425226702187612	0.01567703263486859	0.06009529176699626	0.01024642655873764	0.00015369639838106461	0.031815154464880376	0.0007172498591116348	0.000512321327936882	0.047748347763717405	0.0017418925149853988	0.007223730723910036	0.0	0.001229571187048517	0.010758747886674523	5.12321327936882e-05	0.010605051488293459	0.0015881961166043343	0.0015881961166043343	0.07054664685690866	0.04964393667708387	5.12321327936882e-05	0.01624058609559916	0.00030739279676212923	0.005430606076130949	0.001793124647779087	0.001229571187048517	0.028331369434909576	0.002459142374097034	0.014242532916645319	0.0247451201393514	0.0	0.008145909114196425	0.0021517495773349044	0.0029202315692402276	0.0034325528971771097	0.05640657820585071	0.024284030944208206	0.021158870843793226	0.03166145806649931	0.018187407141759312	0.0768481991905323	0.16307187868230955	0.13612377683282956	0.0016394282493980225	0.01767508581382243	0.000512321327936882	0.012090783339310416	0.07766791331523132	0.030585583277831858	0.004867052615400379	0.007377427122291101	0.095957784722578	0.02556483426405041	0.001229571187048517	0.0	0.0	0.02243967416363543	0.0833546800553307	0.006455248732004713	0.0065064808647984015	0.042881295148317025
